ecosystem,package,declared,locked,observed_latest,decision,reason,manifests,evidence,source
rust,anyhow,1.0.100,1.0.102; 1.0.103,1.0.104,Keep,Update both locks to 1.0.104. CLI is 1.0.102 and matches a downcast_mut unsoundness advisory; workspace is already 1.0.103. Error context is used throughout delivery code.,api/Cargo.toml; cache-service/Cargo.toml; cli/Cargo.toml; crates/scope-postgres/Cargo.toml; crates/scope-product-analytics/Cargo.toml; crates/scope-service-runtime/Cargo.toml; media-service/Cargo.toml; media-worker/Cargo.toml; repo-router/Cargo.toml; runner-runtime/Cargo.toml; worker/Cargo.toml,api/src/bin/scope_maintenance.rs:29; api/src/bin/scope_smoke_seed.rs:2; api/src/cache_grants.rs:16; api/src/config.rs:43; api/src/dev/env.rs:24; api/src/dev/mod.rs:24; api/src/env_guard.rs:1; api/src/error.rs:299; api/src/main.rs:1; api/src/maintenance_http.rs:38; api/src/media_grants.rs:17; api/src/object_store_config.rs:19,https://crates.io/api/v1/crates/anyhow
rust,apple-native-keyring-store,1.0.0,1.0.0,1.0.2,Keep,Update to 1.0.2 after macOS login/logout tests. Use the OS credential store; do not replace keychain behavior with files or custom native bindings.,cli/Cargo.toml,cli/src/auth.rs:197,https://crates.io/api/v1/crates/apple-native-keyring-store
rust,async-trait,0.1.89,0.1.89,0.1.92,Keep,"MultipartStore is used through Arc<dyn MultipartStore>. Native async trait syntax is not a drop-in replacement for this dynamic dispatch. Small macro dependency, already shared transitively.",crates/scope-git-storage/Cargo.toml,crates/scope-git-storage/src/file.rs:5; crates/scope-git-storage/src/memory.rs:2; crates/scope-git-storage/src/multipart.rs:2; crates/scope-git-storage/src/tests.rs:2; crates/scope-git-storage/src/tests/multipart_backend.rs:108,https://crates.io/api/v1/crates/async-trait
rust,aws-config,1.11.0,1.11.0,1.12.0,Keep,Owns AWS credential discovery for worker Lambda calls. Existing defaults already disable SSO and credential-process. Update with the AWS family after transport cleanup; do not write credential refresh yourself.,worker/Cargo.toml,worker/src/execution/ecs.rs:3; worker/src/execution/ecs/fake.rs:71,https://crates.io/api/v1/crates/aws-config
rust,aws-credential-types,1.3.0,1.3.0,1.3.0,Keep,Required by the existing SigV4 and SDK integrations. Replacing a credentials struct would not remove its transitive copy.,crates/scope-object-store/Cargo.toml,crates/scope-object-store/src/s3.rs:3,https://crates.io/api/v1/crates/aws-credential-types
rust,aws-sdk-lambda,1.142.0,1.142.0,1.147.0,Keep,"Used for the dispatch broker. Disable defaults and select default-https-client plus rt-tokio to remove its legacy TLS connector. Keep credential, signing, error and retry behavior in the SDK.",worker/Cargo.toml,worker/src/execution/ecs.rs:4; worker/src/execution/ecs/fake.rs:70,https://crates.io/api/v1/crates/aws-sdk-lambda
rust,aws-sdk-s3,1.144.0,1.144.0,1.149.0,Keep,"Handles durable multipart storage, streaming reads, completion and abort. Remove its legacy rustls feature while retaining default-https-client. Rewriting this protocol is a poor first dependency reduction.",crates/scope-git-storage/Cargo.toml,crates/scope-git-storage/src/multipart.rs:3,https://crates.io/api/v1/crates/aws-sdk-s3
rust,aws-sigv4,1.5.1,1.5.1,1.6.0,Keep,Signing and presigning for the small-object store. Signing correctness is not a good target for custom code. Coordinate updates with AWS credential and HTTP crates.,crates/scope-object-store/Cargo.toml,crates/scope-object-store/src/s3.rs:4,https://crates.io/api/v1/crates/aws-sigv4
rust,aws-smithy-http,0.64.0,0.64.0,0.64.0,Keep,Direct use is S3 label/path encoding. A local encoder could remove the declaration but aws-sigv4 and SDKs still require the crate. No meaningful dependency saving today.,crates/scope-object-store/Cargo.toml,crates/scope-object-store/src/s3.rs:11,https://crates.io/api/v1/crates/aws-smithy-http
rust,axum,0.8.7,0.8.9,0.8.9,Keep,"Shared HTTP routing, extraction and response layer for services and CLI callback server. Existing version is current. Rewriting would move framework work into product code.",api/Cargo.toml; cache-service/Cargo.toml; cli/Cargo.toml; crates/scope-service-runtime/Cargo.toml; media-service/Cargo.toml; media-worker/Cargo.toml; repo-router/Cargo.toml; worker/Cargo.toml,api/src/app.rs:2; api/src/auth/clerk.rs:541; api/src/auth/runtime.rs:7; api/src/auth/scope.rs:11; api/src/dev/mod.rs:13; api/src/dev/seed/tests.rs:283; api/src/error.rs:1; api/src/git/command.rs:131; api/src/git/content.rs:110; api/src/git/credentials.rs:9; api/src/git/http_backend.rs:4; api/src/git/import/repo_io.rs:632,https://crates.io/api/v1/crates/axum
rust,base64,0.22.1,0.22.1,0.23.1,Keep,Standard encoding used by storage and grants. Tiny compared with its caller graph. Stay on 0.22 until a deliberate 0.23 migration; no reason to maintain a codec.,api/Cargo.toml; cache-service/Cargo.toml; crates/scope-media-storage/Cargo.toml; crates/scope-object-store/Cargo.toml,api/src/git/credentials.rs:10; api/src/http/history.rs:20; api/src/http/request_queue.rs:13; api/src/push_intents.rs:2; api/src/workflow_tests/mod.rs:25; cache-service/src/handlers.rs:299; crates/scope-media-storage/src/config.rs:76; crates/scope-object-store/src/config.rs:3; crates/scope-object-store/src/s3.rs:12,https://crates.io/api/v1/crates/base64
rust,bytes,1.11.0,1.12.0,1.12.1,Keep,Shared buffers for HTTP and bounded storage streams. Update patch normally. Matches Tokio/Axum/AWS types and remains transitive regardless.,crates/scope-git-storage/Cargo.toml; crates/scope-media-storage/Cargo.toml; media-service/Cargo.toml,crates/scope-git-storage/src/cache.rs:416; crates/scope-git-storage/src/envelope.rs:38; crates/scope-git-storage/src/error.rs:9; crates/scope-git-storage/src/file.rs:6; crates/scope-git-storage/src/ingest.rs:8; crates/scope-git-storage/src/lib.rs:67; crates/scope-git-storage/src/lifecycle.rs:31; crates/scope-git-storage/src/memory.rs:3; crates/scope-git-storage/src/multipart.rs:11; crates/scope-git-storage/src/restore.rs:102; crates/scope-git-storage/src/tests.rs:3; crates/scope-git-storage/src/tests/ingest_control.rs:100,https://crates.io/api/v1/crates/bytes
rust,chacha20poly1305,0.10.1,0.10.1,0.11.0,Keep,"Encrypts persisted object and segment data. Keep a maintained implementation; evaluate 0.11 with RustCrypto upgrades and existing ciphertext fixtures, including Python recovery.",api/Cargo.toml; crates/scope-git-storage/Cargo.toml; crates/scope-object-store/Cargo.toml,api/src/http/request_queue.rs:14; crates/scope-git-storage/src/envelope.rs:2; crates/scope-object-store/src/encrypted.rs:3,https://crates.io/api/v1/crates/chacha20poly1305
rust,clap,4.6.0,4.6.1,4.6.7,Keep,"CLI command parsing, help and validation. Update patch with clap_complete. Reimplementing this mature interface would save little and increase maintenance.",cli/Cargo.toml,cli/src/bin/scope.rs:1; cli/src/request/args.rs:1; cli/src/run.rs:10; cli/src/visibility.rs:14,https://crates.io/api/v1/crates/clap
rust,clap_complete,4.6.0,4.6.9,4.6.11,Keep,Shell completion follows the Clap command model. Keep versions coordinated; hand-maintained completion scripts would duplicate the command schema.,cli/Cargo.toml,cli/src/bin/scope.rs:71,https://crates.io/api/v1/crates/clap_complete
rust,crossterm,0.29.0,0.29.0,0.29.0,Keep,"Terminal events, raw mode and cross-platform console handling. Shared with Ratatui. Keep the explicitly selected crossterm_0_29 backend.",cli/Cargo.toml,cli/src/progress.rs:283; cli/src/review/tui.rs:10; cli/src/review/tui_tests.rs:6,https://crates.io/api/v1/crates/crossterm
rust,ctrlc,3.4,3.5.2,3.5.2,Keep,Installs progress cancellation handling. Replacing it with Tokio signals would add async coordination to synchronous paths. Revisit only if that architecture changes.,cli/Cargo.toml,cli/src/progress.rs:264,https://crates.io/api/v1/crates/ctrlc
rust,filetime,0.2.27,0.2.29,0.2.29,Keep,Restores cache symlink timestamps. std::fs file-time APIs are not a complete substitute for set_symlink_file_times. Current version is current.,runner-runtime/Cargo.toml,runner-runtime/src/cache/files.rs:65,https://crates.io/api/v1/crates/filetime
rust,flate2,1.1,1.1.9,1.1.10,Keep,Reads gzip Git HTTP requests. Keep decompression limits in Scope and the codec upstream. Routine patch update to 1.1.10.,api/Cargo.toml,api/src/git/mod.rs:41; api/src/workflow_tests/git_http_gzip.rs:4,https://crates.io/api/v1/crates/flate2
rust,futures-util,0.3.32,0.3.32,0.3.34,Keep,"Stream/future adapters in API and cache service, already default-features=false. Update patch; removing its direct declaration would not remove its framework consumers.",api/Cargo.toml; cache-service/Cargo.toml,api/src/git/cache/coordinator.rs:2; api/src/git/http_backend.rs:5; api/src/git/restore.rs:8; api/src/git/run_source.rs:64; api/src/git/run_source/tests.rs:123; api/src/http/repo_events.rs:13; cache-service/src/gc.rs:2,https://crates.io/api/v1/crates/futures-util
rust,getrandom,0.3.4,0.3.4,0.4.3,Keep,"Operating-system randomness for IDs, nonces and credentials. Consider 0.4 with a full target-matrix check. Older copies remain through unrelated crypto crates, so do not claim complete deduplication.",api/Cargo.toml; cache-service/Cargo.toml; cli/Cargo.toml; crates/scope-git-storage/Cargo.toml; crates/scope-media-storage/Cargo.toml; crates/scope-object-store/Cargo.toml; media-service/Cargo.toml; media-worker/Cargo.toml; worker/Cargo.toml,api/src/auth/cli.rs:331; api/src/auth/tokens.rs:76; api/src/error.rs:276; api/src/git/import/repo_io.rs:552; api/src/git/storage.rs:17; api/src/http/request_queue.rs:265; api/src/persistence_ids.rs:5; api/src/telemetry.rs:17; cache-service/src/handlers.rs:245; cli/src/request/attachments/journal.rs:211; cli/src/run/source.rs:57; crates/scope-git-storage/src/envelope.rs:69,https://crates.io/api/v1/crates/getrandom
rust,hex,0.4.3,0.4.3,0.4.3,Keep,"Used across domain, Git IDs and storage. A homegrown encoder is possible but provides negligible value and leaves transitive hex consumers.",api/Cargo.toml; cache-service/Cargo.toml; cli/Cargo.toml; crates/scope-domain/Cargo.toml; crates/scope-git-storage/Cargo.toml; crates/scope-git/Cargo.toml; crates/scope-media-storage/Cargo.toml; crates/scope-object-store/Cargo.toml; crates/scope-postgres/Cargo.toml; media-service/Cargo.toml; media-worker/Cargo.toml; runner-runtime/Cargo.toml; worker/Cargo.toml,api/src/auth/cli.rs:334; api/src/auth/tokens.rs:78; api/src/dev/seed/runs/choreography.rs:251; api/src/error.rs:280; api/src/git/import/repo_io.rs:555; api/src/git/projection_repo.rs:544; api/src/git/projection_repo/tests.rs:402; api/src/git/request_refs.rs:176; api/src/git/request_refs/locks.rs:95; api/src/git/request_refs/revision.rs:100; api/src/git/restore.rs:260; api/src/git/run_source.rs:91,https://crates.io/api/v1/crates/hex
rust,hmac,0.12.1,0.12.1,0.13.0,Keep,Authenticates grants/derivations. Upgrade with sha2 and digest as a coordinated RustCrypto change. Do not implement the primitive yourself.,api/Cargo.toml; crates/scope-git-storage/Cargo.toml,api/src/http/dispatch_authorization.rs:8; api/src/push_intents.rs:3; crates/scope-git-storage/src/envelope.rs:6,https://crates.io/api/v1/crates/hmac
rust,http,1.4.0; 1.4.2,1.4.2,1.5.0,Keep,HTTP request types used by API and signing. Align API declaration with workspace and update to 1.5.0. Removing a declaration will not remove the shared type crate.,api/Cargo.toml; crates/scope-object-store/Cargo.toml,api/src/app.rs:1; api/src/auth/clerk.rs:8; api/src/auth/cli.rs:370; api/src/auth/runtime.rs:7; api/src/auth/scope.rs:11; api/src/cache_grants.rs:25; api/src/config.rs:26; api/src/dev/seed/tests.rs:285; api/src/error.rs:3; api/src/git/command.rs:131; api/src/git/content.rs:110; api/src/git/credentials.rs:9,https://crates.io/api/v1/crates/http
rust,jsonwebtoken,10.4.0,10.4.0,11.1.0,Keep,Clerk JWT verification plus EdDSA cache/media grants. Evaluate 11.1.0 separately with algorithm/JWKS tests. The RSA advisory concerns decryption; observed Scope use is JWT signatures.,api/Cargo.toml; cache-service/Cargo.toml; media-service/Cargo.toml,api/src/auth/clerk.rs:9; api/src/cache_grants.rs:1; api/src/media_grants.rs:1; api/src/workflow_tests/cloud_runs.rs:2; api/src/workflow_tests/mod.rs:26; api/src/workflow_tests/request_attachments.rs:196; cache-service/src/auth.rs:2; cache-service/src/handlers.rs:300; media-service/src/auth.rs:2,https://crates.io/api/v1/crates/jsonwebtoken
rust,keyring-core,1.0.0,1.0.0,1.0.0,Keep,Shared interface for native credential stores. Keep with the platform stores; it is not a duplicate of Scope session policy.,cli/Cargo.toml,cli/src/auth.rs:5,https://crates.io/api/v1/crates/keyring-core
rust,libc,0.2; 0.2.177,0.2.186,0.2.189,Keep,"Unix process groups, termination, filesystem and database process management. These are genuine OS interactions. Do not copy platform ABI declarations.",api/Cargo.toml; cli/Cargo.toml; crates/scope-git-process/Cargo.toml; crates/scope-postgres/Cargo.toml; media-worker/Cargo.toml; runner-runtime/Cargo.toml,cli/src/progress/process.rs:221; cli/tests/push.rs:193; crates/scope-git-process/src/lifecycle.rs:44; crates/scope-git-process/src/lifecycle/reaper_tests.rs:71; crates/scope-git-process/src/tests.rs:22; crates/scope-postgres/src/db/test_support/database_templates.rs:161; media-worker/src/process.rs:143; runner-runtime/src/cache/files.rs:48; runner-runtime/src/execute/output.rs:258; runner-runtime/src/execute/process.rs:37; runner-runtime/src/execute/tests.rs:344,https://crates.io/api/v1/crates/libc
rust,posthog-rs,0.24.0,0.24.0,0.26.0,Rewrite,"Replace only the event transport with a bounded queue and existing Reqwest/Tokio behind ProductAnalyticsSink. Preserve batching, retry limits, privacy and shutdown flush. This is a contained follow-up, not an immediate deletion.",crates/scope-product-analytics/Cargo.toml,crates/scope-product-analytics/src/transport.rs:2,https://crates.io/api/v1/crates/posthog-rs
rust,pulldown-cmark,0.13.0,0.13.4,0.13.4,Keep,Server-side Markdown parsing for domain attachment/reference rules. Use a standards parser rather than regex. The browser Markdown implementation cannot replace a Rust server parser.,crates/scope-domain/Cargo.toml,crates/scope-domain/src/requests/attachments/references.rs:2,https://crates.io/api/v1/crates/pulldown-cmark
rust,ratatui,0.30.2,0.30.2,0.30.2,Keep,"Review TUI layout, rendering and widgets. The selected minimal terminal backend is appropriate. Rewriting terminal rendering is a large maintenance commitment.",cli/Cargo.toml,cli/src/review/tui.rs:15,https://crates.io/api/v1/crates/ratatui
rust,reqwest,0.12.26,0.12.28,0.13.5,Keep,"HTTP, streaming and blocking clients across services and CLI. Move to 0.13.5 in a focused migration; rustls-tls becomes rustls. This can unify the direct client with PostHog while that SDK remains.",api/Cargo.toml; cache-service/Cargo.toml; cli/Cargo.toml; crates/scope-object-store/Cargo.toml; repo-router/Cargo.toml; runner-runtime/Cargo.toml,api/src/auth/clerk.rs:27; api/src/invite_mailer.rs:39; api/src/workflow_tests/cli_auth.rs:37; cache-service/src/gc/tests.rs:93; cache-service/src/handlers.rs:222; cache-service/src/lib.rs:28; cli/src/api.rs:3; cli/src/api/request_attachments.rs:4; cli/src/api/requests.rs:4; cli/src/api/runs.rs:18; cli/src/auth.rs:6; cli/src/bin/scope-cli-service.rs:122,https://crates.io/api/v1/crates/reqwest
rust,schemars,1.2.1,1.2.2,1.2.2,Keep,Generates JSON Schema for runtime contract validation. Optional export feature keeps it out of ordinary production builds. ts-rs generates a different artifact.,api/Cargo.toml; crates/scope-api-contract/Cargo.toml,api/src/http/responses.rs:90; api/src/http/responses/projections.rs:19; api/src/http/responses/repo_collaboration.rs:13; api/src/http/type_exports.rs:2; crates/scope-api-contract/src/attachments.rs:4; crates/scope-api-contract/src/cli_output.rs:6; crates/scope-api-contract/src/dependencies.rs:4; crates/scope-api-contract/src/error.rs:4; crates/scope-api-contract/src/git_oid.rs:10; crates/scope-api-contract/src/projections.rs:15; crates/scope-api-contract/src/repo_config.rs:14; crates/scope-api-contract/src/request_auto_merge.rs:28,https://crates.io/api/v1/crates/schemars
rust,sea-orm,1.1.20,1.1.20,2.0.3,Keep,Extensive entity/query/transaction use. Move mock to dev-only feature activation and remove unused with-chrono after checks. Do not fund a broad SQLx rewrite just to reduce dependency count.,crates/scope-postgres/Cargo.toml,crates/scope-postgres/src/db/auth.rs:10; crates/scope-postgres/src/db/cache_service.rs:11; crates/scope-postgres/src/db/cleanup_queue/claim.rs:15; crates/scope-postgres/src/db/cleanup_queue/completion.rs:17; crates/scope-postgres/src/db/cleanup_queue/queue.rs:10; crates/scope-postgres/src/db/cleanup_queue/request_refs.rs:9; crates/scope-postgres/src/db/cleanup_queue/revalidation.rs:10; crates/scope-postgres/src/db/cleanup_queue_tests.rs:6; crates/scope-postgres/src/db/clerk_users.rs:7; crates/scope-postgres/src/db/cli_auth.rs:16; crates/scope-postgres/src/db/cli_sessions.rs:9; crates/scope-postgres/src/db/connection.rs:5,https://crates.io/api/v1/crates/sea-orm
rust,sea-orm-migration,1.1.20,1.1.20,2.0.3,Keep,"Owns migration execution, with CLI defaults already disabled. Update together with SeaORM/SQLx after testing baseline, locks and recovery. Existing migrations should remain.",crates/scope-postgres/Cargo.toml,crates/scope-postgres/src/db/migration_harness_tests.rs:3; crates/scope-postgres/src/db/migration_tests.rs:7; crates/scope-postgres/src/db/migration_tests/git_manifest_retirement.rs:5; crates/scope-postgres/src/db/migration_tests/run_attempt_active_indexes.rs:4; crates/scope-postgres/src/migrations/baseline.rs:2; crates/scope-postgres/src/migrations/m0043_retire_git_manifests.rs:2; crates/scope-postgres/src/migrations/m0044_request_attention.rs:2; crates/scope-postgres/src/migrations/m0045_dependency_analysis.rs:2; crates/scope-postgres/src/migrations/m0046_drop_attempt_token_expiry.rs:2; crates/scope-postgres/src/migrations/m0047_drop_git_manifest_orphan_jobs.rs:2; crates/scope-postgres/src/migrations/m0048_run_attempt_active_state_indexes.rs:2; crates/scope-postgres/src/migrations/m0049_run_execution_invariants.rs:2,https://crates.io/api/v1/crates/sea-orm-migration
rust,serde,1.0.228,1.0.228,1.0.229,Keep,Shared typed serialization throughout the system. Routine patch update; replacing it would duplicate a central ecosystem contract.,api/Cargo.toml; cache-service/Cargo.toml; cli/Cargo.toml; crates/scope-api-contract/Cargo.toml; crates/scope-cache-contract/Cargo.toml; crates/scope-cache-domain/Cargo.toml; crates/scope-domain/Cargo.toml; crates/scope-media-storage/Cargo.toml; crates/scope-postgres/Cargo.toml; crates/scope-run-config/Cargo.toml; media-service/Cargo.toml; media-worker/Cargo.toml; runner-runtime/Cargo.toml; worker/Cargo.toml,api/src/auth/clerk.rs:13; api/src/git/cache.rs:13; api/src/git/mod.rs:42; api/src/http/admin.rs:15; api/src/http/dispatch_authorization.rs:10; api/src/http/history.rs:26; api/src/http/request_discussions.rs:30; api/src/http/request_queue.rs:26; api/src/http/request_review.rs:41; api/src/http/requests.rs:38; api/src/http/responses.rs:29; api/src/http/responses/projections.rs:15,https://crates.io/api/v1/crates/serde
rust,serde_json,1.0.147,1.0.150,1.0.151,Keep,JSON protocol and persisted data representation. Routine patch update; no custom parser.,api/Cargo.toml; cache-service/Cargo.toml; cli/Cargo.toml; crates/scope-api-contract/Cargo.toml; crates/scope-cache-contract/Cargo.toml; crates/scope-cache-domain/Cargo.toml; crates/scope-domain/Cargo.toml; crates/scope-media-storage/Cargo.toml; crates/scope-postgres/Cargo.toml; crates/scope-product-analytics/Cargo.toml; crates/scope-service-runtime/Cargo.toml; media-worker/Cargo.toml; runner-runtime/Cargo.toml; worker/Cargo.toml,api/src/bin/scope_maintenance.rs:48; api/src/dev/seed/tests.rs:319; api/src/error.rs:313; api/src/git/cache.rs:131; api/src/git/mod.rs:217; api/src/git/request_refs/revision.rs:90; api/src/git/run_source.rs:118; api/src/http/cli_compatibility.rs:102; api/src/http/dispatch_authorization.rs:103; api/src/http/history.rs:258; api/src/http/repo_events.rs:272; api/src/http/repos.rs:340,https://crates.io/api/v1/crates/serde_json
rust,sha1,0.10.6,0.10.6,0.11.0,Keep,Git object identity requires this algorithm today. First take the maintained 0.10.7 patch; consider 0.11 with the crypto family. Do not confuse a library upgrade with changing repository object format.,api/Cargo.toml; crates/scope-domain/Cargo.toml,api/src/git/projection_repo.rs:18; api/src/git/upload/read_view_identity.rs:3; api/src/workflow_tests/git_http_gzip.rs:202; crates/scope-domain/src/content_ref.rs:2,https://crates.io/api/v1/crates/sha1
rust,sha2,0.10.9,0.10.9,0.11.0,Keep,"Content integrity, cache IDs and authenticated derivations. Coordinate 0.11 with hmac/AEAD and golden fixtures. Library upgrades must preserve existing byte-level formats.",api/Cargo.toml; cache-service/Cargo.toml; cli/Cargo.toml; crates/scope-domain/Cargo.toml; crates/scope-git-storage/Cargo.toml; crates/scope-media-storage/Cargo.toml; crates/scope-object-store/Cargo.toml; crates/scope-postgres/Cargo.toml; media-service/Cargo.toml; media-worker/Cargo.toml; repo-router/Cargo.toml; runner-runtime/Cargo.toml; worker/Cargo.toml,api/src/auth/tokens.rs:7; api/src/dev/seed/runs.rs:38; api/src/git/request_refs.rs:22; api/src/git/request_refs/locks.rs:7; api/src/git/request_refs/revision.rs:12; api/src/git/run_source.rs:20; api/src/git/storage.rs:6; api/src/http/dispatch_authorization.rs:11; api/src/http/request_queue.rs:27; api/src/push_intents.rs:9; api/src/workflow_tests/mod.rs:403; cache-service/src/handlers.rs:326,https://crates.io/api/v1/crates/sha2
rust,sqlx,0.8.6,0.8.6,0.9.0,Keep,"Direct use covers session-owned advisory locks, listeners and connection fencing beneath SeaORM. The same 0.8.6 driver is shared; it is not a second unrelated ORM. Update to 0.9 only with SeaORM 2.",crates/scope-postgres/Cargo.toml,crates/scope-postgres/src/db/connection.rs:9; crates/scope-postgres/src/db/content_fences.rs:5; crates/scope-postgres/src/db/git_segments/mod.rs:12; crates/scope-postgres/src/db/locks.rs:105; crates/scope-postgres/src/db/repo_change_notifications.rs:63; crates/scope-postgres/src/db/request_media/tests.rs:775; crates/scope-postgres/src/local_dev_database.rs:3,https://crates.io/api/v1/crates/sqlx
rust,tar,0.4.44,0.4.46,0.4.46,Keep,Cache archive reader/writer with many format and path edge cases. Existing 0.4.46 is current. Retain Scope extraction limits and path rules.,runner-runtime/Cargo.toml,runner-runtime/src/cache/archive.rs:40; runner-runtime/src/cache/freshness_tests.rs:29; runner-runtime/src/cache/restore.rs:207; runner-runtime/src/cache/tests.rs:98; runner-runtime/src/workflow.rs:71,https://crates.io/api/v1/crates/tar
rust,tempfile,3.23.0,3.27.0,3.27.0,Keep,Safe temporary files/directories used around untrusted data and subprocesses. Existing version is current. Avoid hand-rolled cleanup and name generation.,api/Cargo.toml; cli/Cargo.toml; crates/scope-git-process/Cargo.toml; crates/scope-git-storage/Cargo.toml; media-worker/Cargo.toml; runner-runtime/Cargo.toml; worker/Cargo.toml,api/src/git/content.rs:116; api/src/git/projection_repo/tests.rs:434; api/src/git/public_request_commit_tests.rs:34; api/src/git/repository_engine/tests.rs:321; api/src/git/request_refs/revision.rs:261; api/src/git/restore.rs:221; api/src/git/run_source/tests.rs:31; api/src/git/upload/read_view_tests.rs:61; api/src/http/request_review/inspection.rs:424; api/src/http/request_review/tests.rs:215; api/src/smoke_seed.rs:283; api/src/use_cases/request_discussion_mutation/anchor/identity_tests.rs:134,https://crates.io/api/v1/crates/tempfile
rust,thiserror,2.0.18,2.0.18,2.0.20,Keep,Domain and infrastructure error definitions. Routine patch update. Generated boilerplate is preferable to many manual Error/Display implementations.,crates/scope-cache-domain/Cargo.toml; crates/scope-domain/Cargo.toml; crates/scope-git-process/Cargo.toml; crates/scope-git-storage/Cargo.toml; crates/scope-git/Cargo.toml; crates/scope-media-storage/Cargo.toml; crates/scope-postgres/Cargo.toml; crates/scope-run-config/Cargo.toml; crates/scope-service-runtime/Cargo.toml; media-worker/Cargo.toml,crates/scope-cache-domain/src/error.rs:1; crates/scope-domain/src/dependency_analysis.rs:7; crates/scope-domain/src/policy.rs:3; crates/scope-domain/src/repo_config.rs:7; crates/scope-domain/src/repo_control/image.rs:1; crates/scope-domain/src/repository/git.rs:123; crates/scope-domain/src/repository/git_compaction.rs:117; crates/scope-domain/src/repository/mod.rs:234; crates/scope-domain/src/runs/cache/definition.rs:4; crates/scope-domain/src/runs/catalog.rs:11; crates/scope-domain/src/runs/workflow/error.rs:8; crates/scope-git-process/src/runner.rs:75,https://crates.io/api/v1/crates/thiserror
rust,time,0.3.44,0.3.52; 0.3.53,0.3.55,Keep,Parsing/formatting timestamps. Update both locks to 0.3.55. Prefer this existing time owner over introducing new direct chrono usage.,api/Cargo.toml; cli/Cargo.toml; crates/scope-postgres/Cargo.toml,api/src/auth/clerk.rs:16; api/src/dev/mod.rs:61; api/src/dev/seed/git_fixtures.rs:345; api/src/dev/seed/runs.rs:46; api/src/dev/seed/tests.rs:271; api/src/git/blocking.rs:22; api/src/git/cache.rs:23; api/src/git/cache/tests.rs:8; api/src/git/command.rs:10; api/src/git/content.rs:9; api/src/git/http_backend.rs:9; api/src/git/import/artifacts.rs:26,https://crates.io/api/v1/crates/time
rust,tokio,1.48.0,1.52.3,1.53.1,Keep,"Service runtime, process control, I/O and concurrency. Update to 1.53.1 with shutdown/cancellation checks. Reimplementing a runtime is outside Scope business logic.",api/Cargo.toml; cache-service/Cargo.toml; cli/Cargo.toml; crates/scope-git-process/Cargo.toml; crates/scope-git-storage/Cargo.toml; crates/scope-media-storage/Cargo.toml; crates/scope-object-store/Cargo.toml; crates/scope-postgres/Cargo.toml; crates/scope-service-runtime/Cargo.toml; media-service/Cargo.toml; media-worker/Cargo.toml; repo-router/Cargo.toml; worker/Cargo.toml,api/src/auth/clerk.rs:18; api/src/bin/scope_maintenance.rs:28; api/src/bin/scope_smoke_seed.rs:1; api/src/dev/mod.rs:81; api/src/dev/seed/git_segments.rs:44; api/src/dev/seed/request_discussions.rs:306; api/src/dev/seed/runs.rs:157; api/src/dev/seed/tests.rs:37; api/src/error.rs:323; api/src/git/blocking.rs:8; api/src/git/cache/coordinator.rs:9; api/src/git/content.rs:19,https://crates.io/api/v1/crates/tokio
rust,tokio-stream,0.1.17,0.1.18,0.1.19,Keep,"SSE and stream wrappers over Tokio channels/readers. Routine patch update. Removing it would duplicate small, already shared adapters.",api/Cargo.toml; crates/scope-media-storage/Cargo.toml; media-service/Cargo.toml; repo-router/Cargo.toml,api/src/git/upload.rs:398; api/src/http/repo_events.rs:21; api/src/http/run_events.rs:22; api/src/workflow_tests/repo_events.rs:6; api/src/workflow_tests/request_attachments.rs:307; api/src/workflow_tests/request_discussions.rs:2; crates/scope-media-storage/src/storage.rs:13; crates/scope-media-storage/tests/recovery.rs:8; crates/scope-media-storage/tests/storage.rs:14; media-service/src/handlers.rs:38; repo-router/src/replay.rs:64,https://crates.io/api/v1/crates/tokio-stream
rust,tower,0.5.3,0.5.3,0.5.3,Keep,Service utilities for route tests and framework behavior. Direct declarations are development-only. Remains an Axum dependency.,api/Cargo.toml; cache-service/Cargo.toml; media-service/Cargo.toml; repo-router/Cargo.toml,api/src/dev/seed/tests.rs:287; api/src/http/cli_compatibility.rs:65; api/src/maintenance_http.rs:58; api/src/workflow_tests/http_surface.rs:14; api/src/workflow_tests/mod.rs:52; cache-service/src/handlers.rs:328; repo-router/src/app.rs:94; repo-router/src/proxy.rs:256,https://crates.io/api/v1/crates/tower
rust,tower-http,0.6.8,0.6.11,0.7.1,Keep,CORS and tracing middleware. Stay on patched 0.6 until 0.7 compatibility is tested; do not rewrite HTTP policy middleware to save a transitive dependency.,api/Cargo.toml; cache-service/Cargo.toml; media-service/Cargo.toml,api/src/app.rs:13; api/src/main.rs:13; cache-service/src/lib.rs:20; cache-service/src/main.rs:6; media-service/src/lib.rs:31,https://crates.io/api/v1/crates/tower-http
rust,tracing,0.1.44,0.1.44,0.1.44,Keep,Structured service diagnostics. Current version is current. Keep a single logging ecosystem.,api/Cargo.toml; cache-service/Cargo.toml; crates/scope-git-storage/Cargo.toml; crates/scope-postgres/Cargo.toml; crates/scope-product-analytics/Cargo.toml; crates/scope-service-runtime/Cargo.toml; media-service/Cargo.toml; media-worker/Cargo.toml; repo-router/Cargo.toml; worker/Cargo.toml,api/src/app.rs:374; api/src/error.rs:277; api/src/git/cache.rs:184; api/src/git/content.rs:78; api/src/git/http_backend.rs:211; api/src/git/import/artifacts.rs:135; api/src/git/import/repo_io.rs:459; api/src/git/import/segment_upload.rs:25; api/src/git/mod.rs:317; api/src/git/projection_repo.rs:230; api/src/git/repository_engine.rs:152; api/src/git/request_refs.rs:216,https://crates.io/api/v1/crates/tracing
rust,tracing-subscriber,0.3.22,0.3.23,0.3.23,Keep,Centralized runtime log configuration. Existing version is current and used through scope-service-runtime.,api/Cargo.toml; crates/scope-service-runtime/Cargo.toml,api/src/state.rs:144; crates/scope-service-runtime/src/bootstrap.rs:4,https://crates.io/api/v1/crates/tracing-subscriber
rust,ts-rs,12.0.1,12.0.1,12.0.1,Keep,Generates TypeScript declarations from Rust contracts. Optional export feature is appropriate. Keep alongside Schemars/Ajv; static types do not validate network data.,api/Cargo.toml; crates/scope-api-contract/Cargo.toml,api/src/http/responses.rs:90; api/src/http/responses/projections.rs:19; api/src/http/responses/repo_collaboration.rs:13; api/src/http/type_exports.rs:61; crates/scope-api-contract/src/attachments.rs:4; crates/scope-api-contract/src/cli_output.rs:6; crates/scope-api-contract/src/dependencies.rs:4; crates/scope-api-contract/src/error.rs:4; crates/scope-api-contract/src/git_oid.rs:5; crates/scope-api-contract/src/projections.rs:15; crates/scope-api-contract/src/repo_config.rs:14; crates/scope-api-contract/src/request_auto_merge.rs:28,https://crates.io/api/v1/crates/ts-rs
rust,unicode-width,0.2.2,0.2.2,0.2.2,Keep,Terminal column widths for progress and review. Unicode width is not string length. Already required by terminal libraries.,cli/Cargo.toml,cli/src/progress.rs:12; cli/src/review/tui.rs:18; cli/src/review/tui_tests.rs:8,https://crates.io/api/v1/crates/unicode-width
rust,url,2.5.7; 2.5.8,2.5.8,2.5.8,Keep,Parses trust-sensitive origins and URLs. Current version is current. Do not substitute string splitting or regex.,api/Cargo.toml; crates/scope-domain/Cargo.toml; crates/scope-postgres/Cargo.toml; crates/scope-service-runtime/Cargo.toml; media-service/Cargo.toml,api/src/auth/cli.rs:8; api/src/media_grants.rs:62; api/src/workflow_tests/auth.rs:21; api/src/workflow_tests/git_binary.rs:54; api/src/workflow_tests/git_http.rs:450; api/src/workflow_tests/repo_events.rs:78; api/src/workflow_tests/run_resources/read_contract.rs:85; crates/scope-domain/src/repo_metadata.rs:26; crates/scope-postgres/src/db/stores.rs:144; crates/scope-postgres/src/db/test_support.rs:786; crates/scope-postgres/src/local_dev_database.rs:9; crates/scope-service-runtime/src/http/endpoint.rs:1,https://crates.io/api/v1/crates/url
rust,webbrowser,1.0.6,1.2.1,1.2.4,Keep,Cross-platform login browser launching. Update 1.2.1 to 1.2.4 promptly; 1.2.2 fixes argument injection. Retain URL validation and consider its hardened feature.,cli/Cargo.toml,cli/src/login.rs:174,https://crates.io/api/v1/crates/webbrowser
rust,windows-native-keyring-store,1.1.0,1.1.0,1.1.0,Keep,Windows credential storage. Current version is current and defaults are already trimmed.,cli/Cargo.toml,cli/src/auth.rs:203,https://crates.io/api/v1/crates/windows-native-keyring-store
rust,windows-sys,0.61,0.61.2,0.61.2,Keep,Windows job objects and process cleanup. Existing 0.61.2 is current. Do not copy Windows ABI bindings.,cli/Cargo.toml,cli/src/progress/process.rs:229,https://crates.io/api/v1/crates/windows-sys
rust,xmlparser,0.13.6,0.13.6,0.13.6,Keep,Small-object S3 response parsing. Small parser with a narrow purpose. Do not replace XML tokenization with regex; reconsider only if this transport is retired.,crates/scope-object-store/Cargo.toml,crates/scope-object-store/src/s3.rs:352,https://crates.io/api/v1/crates/xmlparser
rust,yaml_serde,0.10.4,0.10.4,0.10.7,Keep,Workflow configuration parser. Update to 0.10.7 and exercise malformed/aliased inputs and parser limits. Handwriting YAML is unjustified.,crates/scope-run-config/Cargo.toml,crates/scope-run-config/src/lib.rs:30,https://crates.io/api/v1/crates/yaml_serde
rust,zstd,0.13.3,0.13.3,0.14.0,Keep,Cache compression. Evaluate 0.14 with cache encode/decode and resource-limit fixtures. Do not reimplement compression.,runner-runtime/Cargo.toml,runner-runtime/src/cache/archive.rs:39; runner-runtime/src/cache/tests.rs:45; runner-runtime/src/workflow.rs:71,https://crates.io/api/v1/crates/zstd
npm,@clerk/tanstack-react-start,^1.4.5,1.4.5,1.5.16,Keep,Authentication/session integration with TanStack Start. Update to 1.5.16 together with framework compatibility checks. Keep Scope authorization rules in the domain; do not build an identity provider.,web/package.json,web/src/clerk-appearance.ts:1; web/src/start.ts:3; web/src/lib/signed-out-clerk.ts:1; web/src/analytics/analytics-root.tsx:1; web/src/components/repo-shell.tsx:14; web/src/routes/-repo-history-actions.ts:11; web/src/routes/$owner.$repo.settings.tsx:27; web/src/routes/cli-login.tsx:24; web/src/routes/index.tsx:9; web/src/routes/$owner.$repo.requests.$requestId.changes.tsx:37; web/src/routes/$owner.$repo._code.index.tsx:43; web/src/routes/account.tsx:17,https://registry.npmjs.org/%40clerk%2Ftanstack-react-start/latest
npm,@fontsource-variable/ibm-plex-sans,5.3.0,5.3.0,5.3.0,Keep,"Self-hosted UI font. Current pin is current. Subset shipped weights/character sets if asset measurements justify it; copying font files changes packaging, not the external dependency.",web/package.json,web/src/styles.css:2,https://registry.npmjs.org/%40fontsource-variable%2Fibm-plex-sans/latest
npm,@fontsource/commit-mono,5.3.0,5.3.0,5.3.0,Keep,Self-hosted code font. Current pin is current. Keep license and asset provenance rather than hiding the dependency by vendoring the same files.,web/package.json,web/src/styles.css:3,https://registry.npmjs.org/%40fontsource%2Fcommit-mono/latest
npm,@pierre/diffs,1.2.11,1.2.11,1.4.3,Keep,"Core code/diff rendering, highlighting and worker integration. Evaluate 1.4.3 with existing worker-bundle and visual checks. Do not reimplement the main review renderer.",web/package.json,web/src/features/review/review-file-diff-render-worker.ts:1,https://registry.npmjs.org/%40pierre%2Fdiffs/latest
npm,@radix-ui/react-alert-dialog,^1.1.17,1.1.17,1.1.23,Keep,"Destructive action dialogs need focus trapping, restoration and keyboard behavior. Update with the other Radix packages.",web/package.json,web/src/components/ui/alert-dialog.tsx:4,https://registry.npmjs.org/%40radix-ui%2Freact-alert-dialog/latest
npm,@radix-ui/react-dialog,1.1.17,1.1.17,1.1.23,Keep,"Drawers, invitations and attachment previews use it. A native dialog migration is a UI project, not a free dependency deletion.",web/package.json,web/src/features/requests/request-activity-drawer.tsx:10; web/src/features/requests/request-attachment-media.tsx:8; web/src/features/repo-detail/repo-invite-dialog.tsx:9,https://registry.npmjs.org/%40radix-ui%2Freact-dialog/latest
npm,@radix-ui/react-slot,^1.3.0,1.3.0,1.3.3,Keep,Button asChild composition merges handlers/refs. Tiny and shared with other Radix primitives. Removing it alone does not remove the underlying graph.,web/package.json,web/src/components/ui/button.tsx:3,https://registry.npmjs.org/%40radix-ui%2Freact-slot/latest
npm,@radix-ui/react-switch,^1.3.1,1.3.1,1.3.7,Keep,"Repository permission controls. Native checkbox is a possible later UI simplification, but current keyboard/form behavior is useful and only two exclusive lock entries are at stake.",web/package.json,web/src/components/ui/switch.tsx:4,https://registry.npmjs.org/%40radix-ui%2Freact-switch/latest
npm,@radix-ui/react-toggle-group,^1.1.13,1.1.13,1.1.19,Keep,History and preview/source segmented choices use keyboard and selection semantics. Update with Radix; do not silently change them to unrelated buttons.,web/package.json,web/src/components/ui/toggle-group.tsx:4,https://registry.npmjs.org/%40radix-ui%2Freact-toggle-group/latest
npm,@radix-ui/react-tooltip,^1.2.10,1.2.10,1.2.16,Keep,Copy controls use accessible hover/focus tooltips. Keep with Radix and verify focus/escape behavior after updates.,web/package.json,web/src/components/ui/tooltip.tsx:4,https://registry.npmjs.org/%40radix-ui%2Freact-tooltip/latest
npm,@tailwindcss/vite,^4.3.1,4.3.1,4.3.3,Keep,Required build integration. Move declaration to devDependencies with tailwindcss; that reclassification alone removes no lock entries. Upgrade both to 4.3.3.,web/package.json,,https://registry.npmjs.org/%40tailwindcss%2Fvite/latest
npm,@tanstack/react-router,^1.170.16,1.170.16,1.170.39,Keep,"Route definitions, navigation and generated routing. Update to 1.170.39 with Start and Clerk as a tested set.",web/package.json,web/src/router.tsx:1; web/src/routeTree.gen.ts:319; web/src/analytics/analytics-root.tsx:2; web/src/components/markdown-link.tsx:1; web/src/components/repo-primary-action.tsx:2; web/src/components/route-error-page.tsx:5; web/src/components/application-menu.tsx:1; web/src/components/repo-shell.tsx:15; web/src/components/route-not-found-page.tsx:3; web/src/components/application-topbar.tsx:2; web/src/components/repository-route-pending.tsx:10; web/src/routes/$owner.$repo.requests.$requestId.tsx:42,https://registry.npmjs.org/%40tanstack%2Freact-router/latest
npm,@tanstack/react-start,^1.168.26,1.168.26,1.168.58,Keep,SSR and server functions are embedded in the app. Update to 1.168.58 with Nitro/Clerk tests. No framework rewrite solely to shrink package count.,web/package.json,web/src/client.tsx:1; web/src/routeTree.gen.ts:601; web/src/start.ts:4; web/src/routes/$owner.$repo.requests.$requestId.tsx:43; web/src/routes/-repo-activity-actions.ts:3; web/src/routes/$owner.$repo.runs.$runId.tsx:15; web/src/routes/$owner.$repo.tsx:23; web/src/routes/-repo-history-actions.ts:9; web/src/routes/$owner.$repo.settings.tsx:39; web/src/routes/-repo-dependency-actions.ts:3; web/src/routes/invites.$token.tsx:11; web/src/routes/-request-workspace-actions.ts:5,https://registry.npmjs.org/%40tanstack%2Freact-start/latest
npm,@types/node,^22.5.4,22.19.21,26.6.2,Keep,Align to maintained 24.x because Node runtime is 24. Current 22.x mismatches the runtime. Do not take registry latest 26.x blindly. Revisit the undici-types trust-policy exception afterward.,web/package.json,,https://registry.npmjs.org/%40types%2Fnode/latest
npm,@types/react,^19.0.8,19.2.17,19.3.0,Keep,Update with React 19.3. Static type declarations are build-time dependencies.,web/package.json,,https://registry.npmjs.org/%40types%2Freact/latest
npm,@types/react-dom,^19.0.3,19.2.3,19.3.0,Keep,Update with React DOM 19.3 and matching React types.,web/package.json,,https://registry.npmjs.org/%40types%2Freact-dom/latest
npm,@vitejs/plugin-react,^6.0.1,6.0.2,6.1.1,Keep,JSX development/build integration and refresh. Update to 6.1.1 with Vite and framework compatibility tests.,web/package.json,,https://registry.npmjs.org/%40vitejs%2Fplugin-react/latest
npm,ajv,8.20.0,8.20.0,8.20.0,Keep,Compiles runtime API validators from exported JSON Schema. Current direct version is current; update affected fast-uri through its allowed range. Do not handwrite validators for every response.,web/package.json,web/scripts/generate-api-contract.mjs:6,https://registry.npmjs.org/ajv/latest
npm,class-variance-authority,^0.7.1,0.7.1,0.7.1,Rewrite,Only a few local style variant definitions need it. Replace those with typed class maps/functions using existing clsx. Saves one exclusive package; preserve the generated classes and variant types.,web/package.json,web/src/components/ui/badge.tsx:2; web/src/components/ui/alert.tsx:2; web/src/components/ui/toggle-group.tsx:5; web/src/components/ui/button-variants.ts:1; web/src/components/ui/button.tsx:2,https://registry.npmjs.org/class-variance-authority/latest
npm,clsx,^2.1.1,2.1.1,2.1.1,Keep,"Small, shared class-list utility. Reimplementing it yields little and other libraries still use it.",web/package.json,web/src/lib/utils.ts:1,https://registry.npmjs.org/clsx/latest
npm,dependency-cruiser,18.2.0,18.2.0,18.4.0,Rewrite,"Medium-effort candidate: Scope already walks the TypeScript AST. A narrow resolver using the existing TypeScript 6 API could replace the second parser/graph pass. Preserve aliases, package exports/imports, JS modes, missing-target reporting and sandbox boundaries. Keep until equivalent fixtures pass; Node and TypeScript remain.",dependency-analyzer/package.json,dependency-analyzer/src/constants.mjs:1; dependency-analyzer/src/cruiser.mjs:4; dependency-analyzer/test/fixtures/static/src/public/external.ts:3,https://registry.npmjs.org/dependency-cruiser/latest
npm,dompurify,^3.4.14,3.4.14,3.4.15,Keep,Sanitizes SVG/HTML in diff and Mermaid rendering. Upgrade direct and nested eligible copies to 3.4.15 for XML clobbering hardening. Do not write a sanitizer.,web/package.json,web/src/features/requests/request-mermaid-renderer.ts:1; web/src/features/review/review-file-diff-drawer.tsx:18,https://registry.npmjs.org/dompurify/latest
npm,github-slugger,2.0.0,2.0.0,2.0.0,Keep,Repository Markdown heading/fragment behavior. Shared with rehype-slug and handles punctuation/Unicode conventions. Keep both fragment generation and headings aligned.,web/package.json,web/src/components/repository-markdown.ts:1,https://registry.npmjs.org/github-slugger/latest
npm,konsistent,1.0.0-beta.1,1.0.0-beta.1,1.0.0-beta.9,Rewrite,"Only two configured export/naming conventions are used. Add those checks to existing TypeScript-based architecture scripts, then remove this CLI and its five exclusive snapshots, including a separate TypeScript 5.9.3.",web/package.json,,https://registry.npmjs.org/konsistent/latest
npm,lucide-react,^0.562.0,0.562.0,1.47.0,Keep,Consistent icon set with many consumers. Evaluate 1.47.0 separately for export/name changes; a major update is lower priority than fixes. Vendoring every SVG still leaves upstream ownership.,web/package.json,web/src/components/workspace-tab-strip.tsx:2; web/src/components/destructive-action-dialog.tsx:11; web/src/components/repo-primary-action.tsx:3; web/src/components/route-error-page.tsx:6; web/src/components/page-error-alert.tsx:3; web/src/components/visibility-badge.tsx:5; web/src/components/navigation-search.tsx:1; web/src/components/theme-toggle.tsx:3; web/src/components/application-menu.tsx:2; web/src/components/route-not-found-page.tsx:4; web/src/components/repository-html-mode-toggle.tsx:1; web/src/components/file-system-tree.tsx:12,https://registry.npmjs.org/lucide-react/latest
npm,mdast-util-from-markdown,2.0.3,2.0.3,2.0.3,Keep,"Attachment extraction needs parsed Markdown syntax, not regex. It is already part of the react-markdown ecosystem, so deletion saves little.",web/package.json,web/src/features/requests/request-attachment-reference.ts:1,https://registry.npmjs.org/mdast-util-from-markdown/latest
npm,mermaid,12.0.0,12.0.0,12.0.0,Keep,"Keep while rendered diagrams remain a product feature. Already lazy loaded and cached. If diagrams are dispensable, delete the feature and show code blocks; 116 exclusive lock snapshots can go. Do not write a diagram language/layout engine.",web/package.json,web/src/features/requests/request-attachment-context.tsx:22; web/src/features/requests/request-mermaid-block.tsx:10; web/src/features/requests/request-discussion-markdown.tsx:7; web/src/features/requests/request-session-boundary.tsx:8; web/src/features/requests/request-mermaid-resource.ts:6; web/src/features/requests/request-mermaid-renderer.ts:6,https://registry.npmjs.org/mermaid/latest
npm,motion,^12.42.2,12.42.2,13.4.1,Rewrite,"One discussion collapse/expand animation uses it. Use CSS or Web Animations plus prefers-reduced-motion, preserving inert/focus and close-composer completion behavior. Removes four exclusive lock snapshots.",web/package.json,web/src/styles.css:80; web/src/features/requests/request-workspace-sidebar.tsx:277; web/src/features/requests/request-discussion-workbench.tsx:7; web/src/features/requests/request-workspace-sidebar.css:401; web/src/features/requests/request-discussion-thread.tsx:11; web/src/features/marketing/repository-projection.css:150; web/src/features/marketing/marketing-landing-page.css:50; web/src/features/marketing/contribution-flow.css:276,https://registry.npmjs.org/motion/latest
npm,nitro,^3.0.260311-beta,3.0.260311-beta,3.0.260903-beta,Keep,"Hosts SSR output and five server plugins. Update dated March beta to tested 3.0.260903-beta; known routeRules issues were fixed in 3.0.260429-beta. Current project has no matching wildcard routeRules, so version matches are not demonstrated exploits.",web/package.json,web/src/server/compress-responses.ts:1; web/src/server/pagent-invalid-api-response.ts:5; web/src/server/readiness-endpoint.ts:1; web/src/server/analytics-endpoint.ts:1; web/src/server/secure-responses.ts:1,https://registry.npmjs.org/nitro/latest
npm,pagent,file:vendor/pagent-v0.1.0-47b796c.tgz,file:vendor/pagent-v0.1.0-47b796c.tgz,local tarball,Delete,"Default recommendation is to retire the single staging-only invalid-response reporting integration and retain structured diagnostics. It has zero package dependencies. If remote encrypted investigations are required, keep the SDK rather than copying its transport/crypto.",web/package.json,web/src/server/pagent-invalid-api-response.ts:6; web/scripts/check-observer-boundary.mjs:19,web/vendor/pagent-v0.1.0-47b796c.tgz
npm,playwright,1.61.1,1.61.1,1.63.0,Keep,"Browser smoke tests and visual verification. Upgrade to 1.63.0 only with the matching browser install/revision, checks image and worker tests. Do not maintain a browser driver.",web/package.json,,https://registry.npmjs.org/playwright/latest
npm,posthog-js,1.417.1,1.417.1,1.434.11,Rewrite,"Scope disables most SDK features and owns event/privacy policy already. Replace event-only delivery with a bounded fetch/sendBeacon adapter if identity, logout clearing, DNT, batching and loss behavior can be preserved. Removes ten exclusive snapshots before replacement costs.",web/package.json,web/src/analytics/bootstrap.ts:2; web/src/analytics/client-identity.ts:1; web/src/analytics/privacy.ts:1; web/src/analytics/analytics-root.tsx:3,https://registry.npmjs.org/posthog-js/latest
npm,react,^19.0.0,19.2.7,19.3.0,Keep,"Core UI runtime. Update React, React DOM and their type packages together to 19.3.0 after SSR/hydration tests. No rewrite.",web/package.json,web/src/router.tsx:1; web/src/clerk-appearance.ts:1; web/src/client.tsx:1; web/src/routeTree.gen.ts:319; web/src/start.ts:3; web/src/lib/use-pending-actions.ts:1; web/src/lib/home-flash.ts:1; web/src/lib/use-theme-type.ts:1; web/src/lib/use-unix-clock.ts:1; web/src/lib/use-cached-resource.ts:1; web/src/lib/signed-out-clerk.ts:1; web/src/lib/use-hydrated.ts:1,https://registry.npmjs.org/react/latest
npm,react-doctor,^0.5.8,0.5.8,0.9.14,Delete,"Replace the mandatory broad CLI with a smaller explicit set of Hooks and architecture checks, then remove it. It uniquely retains 228 snapshots. Existing boundary scripts are not complete replacements; retain required lint behavior and supply-chain checks before removal.",web/package.json,web/src/routes/licenses.tsx:2; web/src/features/requests/request-attachment-media.tsx:135,https://registry.npmjs.org/react-doctor/latest
npm,react-dom,^19.0.0,19.2.7,19.3.0,Keep,Browser rendering and SSR partner to React. Keep exact resolved versions aligned.,web/package.json,web/src/client.tsx:2,https://registry.npmjs.org/react-dom/latest
npm,react-markdown,^10.1.0,10.1.0,10.1.0,Keep,Safe Markdown-to-React rendering with custom components. Current version is current. Avoid handwritten Markdown parsing/rendering.,web/package.json,web/src/components/safe-markdown.tsx:2; web/src/components/markdown-components.tsx:3; web/src/features/requests/request-discussion-markdown.tsx:6,https://registry.npmjs.org/react-markdown/latest
npm,rehype-slug,6.0.0,6.0.0,6.0.0,Keep,"Small, tested heading plugin with one renderer integration. Three exclusive snapshots are not enough to justify maintaining AST traversal and heading-text behavior.",web/package.json,web/src/components/repository-markdown-renderer.tsx:2,https://registry.npmjs.org/rehype-slug/latest
npm,remark-gfm,^4.0.1,4.0.1,4.0.1,Keep,"Tables, task lists, autolinks and other expected repository Markdown behavior. Current version is current; no local parser rewrite.",web/package.json,web/src/components/safe-markdown.tsx:3,https://registry.npmjs.org/remark-gfm/latest
npm,sonner,^2.0.7,2.0.7,2.0.8,Keep,"Toast delivery, announcements and interaction lifecycle. Patch update to 2.0.8. A custom notification manager would be more code for little reduction.",web/package.json,web/src/components/copyable-code-block.tsx:11; web/src/routes/account.tsx:23; web/src/routes/__root.tsx:12; web/src/features/requests/use-request-attention-actions.ts:6; web/src/features/requests/request-detail-header.tsx:7; web/src/features/repo-detail/repo-invite-list.tsx:11; web/src/features/repo-detail/repo-invite-dialog.tsx:12,https://registry.npmjs.org/sonner/latest
npm,tailwind-merge,^3.6.0,3.6.0,3.7.0,Keep,Resolves utility-class conflicts in shared cn helper. Dropping it changes class override behavior. Update to 3.7.0 with Tailwind; replacing it with join is incorrect.,web/package.json,web/src/lib/utils.ts:2,https://registry.npmjs.org/tailwind-merge/latest
npm,tailwindcss,^4.3.1,4.3.1,4.3.3,Keep,Styling compiler throughout the app. Move to devDependencies and update with its Vite plugin. Rewriting CSS across the product is poor cleanup scope.,web/package.json,web/src/styles.css:1,https://registry.npmjs.org/tailwindcss/latest
npm,typescript,6.0.2; ^6.0.2,6.0.2; 6.0.3,7.0.2,Keep,"Keep the 6.x compiler API for analyzer and web architecture scripts. Registry 7.0.2 has no stable programmatic API. A separate native checker trial is possible, but it adds tooling and does not remove 6.x.",dependency-analyzer/package.json; web/package.json,web/src/features/review/review-file-diff-render-worker.ts:21; web/scripts/resource-boundary.mjs:1; dependency-analyzer/src/source-scan.mjs:3; dependency-analyzer/src/config.mjs:3,https://registry.npmjs.org/typescript/latest
npm,vite,^8.0.14,8.0.16,8.3.0,Keep,"App build and SSR diff worker bundling. Update to 8.3.0 as a coordinated framework change, and refresh affected PostCSS/nanoid dependencies. Do not write a bundler.",web/package.json,web/src/routeTree.gen.ts:20; web/src/analytics/routes.ts:25; web/src/routes/$owner.$repo.settings.tsx:2; web/src/routes/invites.$token.tsx:1; web/src/api/request-inputs.ts:221; web/src/api/types.generated.ts:17; web/src/api/repo-settings.ts:3; web/src/api/types.ts:119; web/src/api/validators.generated.ts:22; web/src/api/repo-inputs.ts:2; web/src/features/requests/request-actions-api.ts:8; web/src/features/requests/request-details.tsx:6,https://registry.npmjs.org/vite/latest
npm,web-vitals,5.3.0,5.3.0,6.2.2,Keep,LCP/INP/CLS measurement in diagnostics. Keep 5.x while tied to the current analytics integration; assess 6.2.2 API changes separately. Measurements are harder than a simple observer wrapper.,web/package.json,web/src/analytics/diagnostics.ts:1,https://registry.npmjs.org/web-vitals/latest
python,PyYAML,6.0.3,6.0.3 direct pin; transitive closure unpinned,6.0.3,Keep,"Keep YAML parsing for licensing, infrastructure and recovery. Current pin is current; use safe_load. Add a resolved dependency lock with hashes for Python tooling.",deploy/aws/recovery/requirements.txt; dev/licensing/requirements.txt,deploy/aws/recovery,https://pypi.org/pypi/PyYAML/json
python,boto3,1.43.94,1.43.94 direct pin; transitive closure unpinned,1.43.100,Keep,Keep AWS recovery and broker API handling. Update pinned recovery tools to 1.43.100 with matching botocore; package the Lambda dependency explicitly if deterministic SDK versions are needed.,deploy/aws/recovery/requirements.txt,deploy/aws/recovery,https://pypi.org/pypi/boto3/json
python,psycopg,3.3.5,3.3.5 direct pin; transitive closure unpinned,3.3.6,Keep,Keep recovery database access; patch to 3.3.6. Do not replace it with subprocess psql everywhere. Binary extra is a packaging choice with bundled native libraries.,deploy/aws/recovery/requirements.txt,deploy/aws/recovery,https://pypi.org/pypi/psycopg/json
python,cryptography,50.0.1,50.0.1 direct pin; transitive closure unpinned,50.0.1,Keep,Keep cross-language validation/decryption of persisted recovery objects. Current pin is current. Never implement AEAD locally.,deploy/aws/recovery/requirements.txt,deploy/aws/recovery,https://pypi.org/pypi/cryptography/json
